1,Bruce,Pettit
2,Shir,McNamee
3,Neda,Wiltsher
4,Nevins,Swidenbank
5,Lucius,Goaks
6,Perice,Freckelton
7,Sandy,Janisson
8,My,Heys
9,Huberto,Blaxall
10,Cherey,Kitley
11,Binni,Marsay
12,Grove,Pelchat
13,Shell,Steffan
14,Walt,Cuncarr
15,Karie,O'Feeney
16,Florette,Priestnall
17,Burton,Grivori
18,Estel,Atty
19,Carmina,Ricardou
20,Richmond,Gabby
21,Noelyn,Berrisford
22,Breena,Cohn
23,Ingar,Berthomier
24,Tammy,Mantripp
25,Stanwood,Posnett
26,Lurleen,Sweetzer
27,Glyn,Conyer
28,Erny,Poulsum
29,Cassondra,Haggus
30,Armando,Leathe
31,Cassondra,Nodes
32,Phelia,Claisse
33,Carolyne,Petrecz
34,Aviva,Durtnell
35,Dillon,Coules
36,Flora,Skerritt
37,Carmon,Walpole
38,Hamlin,Duigan
39,Muhammad,Nield
40,Nonah,Josipovic
41,Andrea,Fawltey
42,Bette,Betchley
43,Valida,Ezzell
44,Gan,Stovin
45,Elli,Minogue
46,Ailsun,Farrants
47,Marcello,Asgodby
48,Adolph,Clarae
49,Heath,Menaul
50,Robbi,Cockerill
51,Dall,Lucks
52,Worden,Caldaro
53,Ariela,Robison
54,Leila,Lafayette
55,Yvonne,Furmagier
56,Colet,Brogden
57,Cointon,Ettritch
58,Delaney,Popescu
59,Jeth,Almey
60,Roger,Gawkes
61,Annabela,Escalante
62,Dulcia,Leteurtre
63,Annabell,Skillitt
64,Marlene,Cork
65,Charissa,Camell
66,Virgil,Duer
67,Stafford,Dechelle
68,Riki,Cocks
69,Tull,Gionettitti
70,Minnie,Wolfendell
71,Wallie,Godin
72,Anabelle,Biddulph
73,Dodie,MacCaughen
74,Wynne,Rubanenko
75,Lucas,Naldrett
76,Jerad,Van Brug
77,Mitchell,Chiommienti
78,Sascha,Merck
79,Seward,Gandrich
80,Ermin,Jenne
81,Nichole,Fradson
82,Dareen,Meardon
83,Brigitte,Corcoran
84,Druci,Geffe
85,Troy,Jaffa
86,Hobie,Leadbitter
87,Georgette,Redbourn
88,Aryn,Jore
89,Clifford,Brosnan
90,Elwood,Melton
91,Fidelio,Attwater
92,Moe,Vlasyev
93,Shaine,Barkus
94,Lyman,Bannell
95,Erick,Pinnion
96,Frederica,Jakubovitch
97,Hortense,Paylie
98,Anabella,Peller
99,Loralie,Walkden
100,Jolee,Gockeler
